time,frequency,confidence
0.0000000000,292.9575438235,0.0723790228
0.0100000000,292.2619735861,0.3588311672
0.0200000000,291.6553947113,0.2642363310
0.0300000000,289.9638816479,0.0096756425
0.0400000000,286.9941470136,0.0318728238
0.0500000000,279.3300176160,0.0134706190
0.0600000000,266.9834548456,0.0256041083
0.0700000000,254.7754034170,0.0576691441
0.0800000000,263.3465568809,0.1599853039
0.0900000000,259.9038462270,0.5069739819
0.1000000000,259.8888715569,0.4020211101
0.1100000000,257.8822840059,0.2244518995
0.1200000000,236.8089794824,0.0774789676
0.1300000000,207.9779142798,0.0557773933
0.1400000000,189.1010564671,0.0443951897
0.1500000000,169.5061831341,0.0693518594
0.1600000000,154.2494515932,0.2545332909
0.1700000000,154.7200133623,0.5943997502
0.1800000000,155.2030234016,0.5743585825
0.1900000000,157.9095465035,0.3168979883
0.2000000000,160.6027147920,0.3034914732
0.2100000000,159.4118557386,0.5730985999
0.2200000000,154.2442237368,0.6045126319
0.2300000000,152.9536481988,0.6641687751
0.2400000000,153.0858457859,0.5451055765
0.2500000000,156.5740013824,0.3866285682
0.2600000000,158.4288832816,0.4002681673
0.2700000000,156.8175322899,0.0808299407
0.2800000000,156.2903510447,0.3542709351
0.2900000000,155.9244684914,0.0525116362
0.3000000000,156.0217756442,0.0562654436
0.3100000000,155.6863678195,0.0850451961
0.3200000000,155.5124956289,0.0195286628
0.3300000000,155.7697264097,0.1739549041
0.3400000000,154.6410930354,0.2439322323
0.3500000000,153.9656953121,0.1426465809
0.3600000000,156.5805783316,0.0238391962
0.3700000000,150.5905755675,0.0801302642
0.3800000000,140.6586845306,0.0707291886
0.3900000000,144.3502632293,0.1687675864
0.4000000000,144.7572294430,0.5137096643
0.4100000000,145.9481738305,0.3813667595
0.4200000000,150.7717047135,0.2665812969
0.4300000000,155.2067527674,0.3663040400
0.4400000000,160.2347230859,0.4079397917
0.4500000000,161.1940649743,0.3732345998
0.4600000000,161.6703091360,0.0994555280
0.4700000000,165.7784301501,0.0524175093
0.4800000000,167.4009972591,0.1339235157
0.4900000000,169.8723377361,0.1476929486
0.5000000000,175.5270616940,0.0347700007
0.5100000000,180.8699686310,0.2127139866
0.5200000000,186.4227461822,0.5836845636
0.5300000000,191.3615738640,0.6808381081
0.5400000000,195.3681362734,0.4599535465
0.5500000000,202.7490517618,0.1268447489
0.5600000000,204.3753299020,0.1273821443
0.5700000000,203.1404658239,0.1645126641
0.5800000000,198.3680647415,0.3923247755
0.5900000000,191.1391928529,0.2076409012
0.6000000000,187.9227992686,0.0764707327
0.6100000000,183.8964611514,0.3039037883
0.6200000000,179.0185882907,0.1282649785
0.6300000000,174.1724411166,0.2440774590
0.6400000000,163.4562362435,0.0554680340
0.6500000000,157.0428468296,0.1102698073
0.6600000000,154.9034345963,0.1693035662
0.6700000000,155.1794415079,0.1391340792
0.6800000000,174.3356143373,0.1198674068
0.6900000000,166.6368075706,0.1711157411
0.7000000000,160.4959164640,0.3461986780
0.7100000000,156.0427573648,0.4463891387
0.7200000000,154.2486643545,0.6509402394
0.7300000000,153.2308824887,0.7050483227
0.7400000000,154.0669411513,0.7608655691
0.7500000000,151.9953763308,0.5754026771
0.7600000000,150.1484732084,0.5254649520
0.7700000000,150.4661890984,0.4984043837
0.7800000000,153.6958957092,0.3993277252
0.7900000000,154.9432694039,0.3647815883
0.8000000000,156.9198118121,0.3785656989
0.8100000000,158.7330325078,0.5562912226
0.8200000000,155.8889919379,0.5955604315
0.8300000000,155.6673989667,0.2051618993
0.8400000000,138.8032490303,0.0803646073
0.8500000000,139.3925114117,0.1162731051
0.8600000000,140.7164266170,0.1501398534
0.8700000000,149.4019809982,0.2181503177
0.8800000000,157.6374640882,0.2657598555
0.8900000000,158.4385389265,0.1759162247
0.9000000000,158.2782793088,0.2136428505
0.9100000000,157.7780300449,0.2647987604
0.9200000000,155.8965125086,0.3693478107
0.9300000000,156.2855684462,0.5978528261
0.9400000000,156.7464640701,0.5923082829
0.9500000000,156.9135869159,0.6243593693
0.9600000000,155.7478829971,0.5865241885
0.9700000000,158.2975613188,0.4154807329
0.9800000000,162.9621335679,0.4932933152
0.9900000000,164.4018010041,0.6605743170
1.0000000000,161.3747620749,0.6980119944
1.0100000000,156.9857040589,0.8319821954
1.0200000000,159.0950752038,0.3615047038
1.0300000000,162.5765927707,0.2867360711
1.0400000000,170.7121353942,0.2914335728
1.0500000000,179.4227932220,0.3035667241
1.0600000000,185.2693064996,0.2876943350
1.0700000000,189.7491757148,0.3766168654
1.0800000000,195.3002821841,0.2108352035
1.0900000000,198.2151224034,0.5445133448
1.1000000000,200.1964758936,0.7262126803
1.1100000000,200.7577297804,0.8377147913
1.1200000000,200.2610012702,0.8837113380
1.1300000000,199.2791963334,0.9277639389
1.1400000000,198.4587116594,0.9374571443
1.1500000000,198.2797487710,0.9391852021
1.1600000000,198.5207727840,0.9467062354
1.1700000000,198.0145086236,0.9193257689
1.1800000000,196.1630617352,0.9274877310
1.1900000000,195.3431525312,0.9380134344
1.2000000000,196.0376166024,0.9366672039
1.2100000000,196.4130008104,0.9510080814
1.2200000000,196.2186027084,0.9523251057
1.2300000000,196.9023006728,0.9560704231
1.2400000000,198.8804584754,0.9328252673
1.2500000000,201.7208613839,0.9168918133
1.2600000000,203.5410800459,0.9490967989
1.2700000000,204.1670190543,0.9540355206
1.2800000000,204.3058796554,0.9479585290
1.2900000000,204.4113652025,0.9453669190
1.3000000000,204.4829585776,0.9431782961
1.3100000000,204.3679122009,0.9458974004
1.3200000000,204.4143511055,0.9408001900
1.3300000000,204.9983423901,0.9237928391
1.3400000000,205.4608034847,0.9503872395
1.3500000000,205.6058672955,0.9524745941
1.3600000000,205.7551890201,0.9536614418
1.3700000000,206.0102753254,0.9597694874
1.3800000000,205.8674528730,0.9633215070
1.3900000000,205.5061269729,0.9550251961
1.4000000000,205.0009926955,0.9332800508
1.4100000000,204.7703261830,0.9283636808
1.4200000000,204.4545539917,0.9446628690
1.4300000000,203.7900301336,0.9533152580
1.4400000000,203.2309225820,0.9430820346
1.4500000000,202.9970320824,0.9331080914
1.4600000000,203.0803450571,0.9411522746
1.4700000000,203.0203717786,0.9410055280
1.4800000000,202.9914931819,0.9396471977
1.4900000000,203.3140962941,0.9506844282
1.5000000000,203.6127152853,0.9531119466
1.5100000000,203.8323494709,0.9464496374
1.5200000000,203.4739020258,0.9383432269
1.5300000000,202.7767432792,0.9125227332
1.5400000000,202.2911244259,0.9080054760
1.5500000000,202.1959608881,0.9121973515
1.5600000000,202.1456958487,0.9141222835
1.5700000000,201.5336143629,0.9172090888
1.5800000000,200.5390784086,0.8878020048
1.5900000000,199.5262239671,0.9111314416
1.6000000000,198.7093423199,0.9159412384
1.6100000000,198.3589554853,0.9086320996
1.6200000000,198.6807024007,0.9110798836
1.6300000000,199.5229241783,0.9037316442
1.6400000000,200.6072159261,0.8808559179
1.6500000000,201.7408669373,0.9077940583
1.6600000000,202.7331196738,0.8991319537
1.6700000000,203.6704013965,0.9342033267
1.6800000000,204.5177946855,0.9263849258
1.6900000000,205.3575235614,0.9322355986
1.7000000000,205.9550640628,0.9427001476
1.7100000000,206.1884441689,0.9335516095
1.7200000000,205.6221055625,0.8976733088
1.7300000000,204.7128999274,0.8033900857
1.7400000000,204.8212071757,0.6774852872
1.7500000000,204.8142036094,0.6035861969
1.7600000000,203.5997207222,0.6202216148
1.7700000000,202.0791190201,0.5864664912
1.7800000000,200.0934948088,0.5290401578
1.7900000000,198.2271339465,0.2634368539
1.8000000000,187.7116528503,0.2775292099
1.8100000000,181.4680458492,0.2974994481
1.8200000000,172.7166726009,0.2467001975
1.8300000000,167.4625635712,0.1329322159
1.8400000000,164.6367898397,0.1343465894
1.8500000000,159.7510521491,0.1356303096
1.8600000000,154.8179518701,0.4708279073
1.8700000000,146.7062534054,0.1530731171
1.8800000000,138.4689298544,0.1767168194
1.8900000000,133.7469936455,0.2032768726
1.9000000000,130.9619181426,0.2356589884
1.9100000000,129.7344323424,0.4692496955
1.9200000000,127.9894901721,0.2381057590
1.9300000000,130.5228656611,0.3209742308
1.9400000000,140.9487428527,0.0437169299
1.9500000000,144.4111433688,0.0976685286
1.9600000000,143.5408368992,0.0732807592
1.9700000000,153.0185674596,0.0968019217
1.9800000000,159.8259310087,0.3608106077
1.9900000000,158.2880820999,0.5448103547
2.0000000000,157.6881193664,0.5862049460
2.0100000000,156.4035887538,0.5155058503
2.0200000000,155.0612760057,0.5218061805
2.0300000000,153.3226102673,0.6188021302
2.0400000000,152.8938377288,0.7355747223
2.0500000000,150.1911754112,0.5850417018
2.0600000000,148.7830793597,0.2754403949
2.0700000000,149.4793602032,0.2030607015
2.0800000000,152.0016713786,0.3409054577
2.0900000000,156.0160251857,0.4407966435
2.1000000000,156.6774825635,0.6266545057
2.1100000000,156.3754410849,0.6942653060
2.1200000000,156.2459921958,0.7727557421
2.1300000000,156.6879726418,0.5765759945
2.1400000000,156.7572404550,0.3204733729
2.1500000000,156.9418308859,0.1606546491
2.1600000000,156.9144597378,0.1513214260
2.1700000000,156.7570931453,0.1550853252
2.1800000000,155.7863153311,0.1992659271
2.1900000000,154.8836886037,0.1657023579
2.2000000000,155.3362985200,0.5458536744
2.2100000000,154.5128992142,0.6262111068
2.2200000000,155.4432917061,0.6478363276
2.2300000000,155.4437971841,0.5837404728
2.2400000000,153.8426909464,0.1835563481
2.2500000000,154.0612398772,0.0820960104
2.2600000000,156.9140200173,0.2711757123
2.2700000000,162.0834461887,0.3936275840
2.2800000000,159.4442204568,0.5520375371
2.2900000000,156.5223539822,0.6965891123
2.3000000000,155.3582503418,0.7105673552
2.3100000000,154.0860178610,0.0694480613
2.3200000000,154.8260383929,0.0827118307
2.3300000000,155.1352071441,0.0471040457
2.3400000000,155.2199971881,0.0754645765
2.3500000000,154.4501518562,0.1506620198
2.3600000000,154.1525232477,0.1585232466
2.3700000000,152.7359502170,0.1666150093
2.3800000000,149.7936096325,0.1196428761
2.3900000000,155.9486450482,0.0573460944
2.4000000000,167.2437511488,0.0227967910
2.4100000000,181.1320957273,0.0111744590
2.4200000000,194.1403326513,0.0230802372
2.4300000000,204.9428593204,0.0149426358
2.4400000000,223.1109826687,0.1229883507
2.4500000000,219.6579012000,0.1327665001
2.4600000000,209.4647591575,0.0488831811
2.4700000000,191.6047135508,0.0524504818
2.4800000000,170.5258204807,0.2648422718
2.4900000000,154.2055441411,0.2245392203
2.5000000000,149.2070714676,0.1818229854
2.5100000000,150.1966316001,0.0566312298
2.5200000000,151.9566487296,0.0240412802
2.5300000000,151.4348839029,0.0314800888
2.5400000000,151.1160177964,0.0874223933
2.5500000000,155.2174783825,0.1091850102
2.5600000000,155.7613403443,0.0695424974
2.5700000000,152.6211321924,0.0721479803
2.5800000000,150.2283476214,0.0757459030
2.5900000000,147.0201769914,0.1750856489
2.6000000000,148.9318635568,0.3545982540
2.6100000000,152.9595055500,0.2127331495
2.6200000000,155.9948488076,0.1785936058
2.6300000000,143.3574354798,0.1093159169
2.6400000000,143.3957495890,0.1415473074
2.6500000000,146.7303082249,0.1091301590
2.6600000000,151.3958335027,0.0896381363
2.6700000000,152.1115563136,0.2060510367
2.6800000000,149.6761216230,0.1286686063
2.6900000000,143.4807314940,0.2595830560
2.7000000000,133.2374808039,0.1801231056
2.7100000000,131.4184962652,0.0811713338
2.7200000000,134.5964853218,0.1131926328
2.7300000000,135.2183841958,0.0593078099
2.7400000000,133.1963467458,0.1227788031
2.7500000000,152.5253799976,0.2991541326
2.7600000000,174.2145604279,0.3529088199
2.7700000000,194.1886745232,0.6356974244
2.7800000000,190.7836789684,0.6503590345
2.7900000000,185.5621901912,0.5678672194
2.8000000000,182.6392945532,0.3705308437
2.8100000000,167.4331124747,0.7272752523
2.8200000000,165.1687416807,0.8877265453
2.8300000000,163.4570974654,0.9138880372
2.8400000000,161.2063545591,0.8396970630
2.8500000000,157.3682318577,0.8098042011
2.8600000000,154.5202797209,0.9132772684
2.8700000000,152.6109191150,0.9062629342
2.8800000000,150.4258220368,0.9160556197
2.8900000000,148.9744889953,0.9097021818
2.9000000000,147.7901332730,0.9407353997
2.9100000000,147.0687923897,0.9425035119
2.9200000000,146.6708069477,0.9390454292
2.9300000000,146.4487892651,0.9217410684
2.9400000000,146.4985134138,0.9365544319
2.9500000000,146.4882079777,0.9312447906
2.9600000000,146.6345751743,0.9404487014
2.9700000000,146.9830987865,0.9558411241
2.9800000000,147.1861743776,0.9596775770
2.9900000000,147.0610149691,0.9586912394
3.0000000000,147.3272229366,0.9592841864
3.0100000000,147.6176569105,0.9524391890
3.0200000000,148.2187284412,0.9264596105
3.0300000000,148.6852653579,0.9176757336
3.0400000000,149.2725191758,0.9180097580
3.0500000000,149.9355525771,0.8975132704
3.0600000000,151.0204783780,0.9275765419
3.0700000000,152.2192994454,0.9264965653
3.0800000000,153.5582797568,0.9314126968
3.0900000000,154.7445359289,0.9498320818
3.1000000000,155.6680992248,0.9591227174
3.1100000000,156.7250128762,0.9294313788
3.1200000000,158.4124189703,0.9223346114
3.1300000000,160.4685850508,0.9057766795
3.1400000000,161.8200557701,0.9201431274
3.1500000000,163.2035222635,0.9242084622
3.1600000000,164.6384406661,0.9419492483
3.1700000000,165.8942660892,0.9473802447
3.1800000000,167.6851639518,0.9286826849
3.1900000000,169.6211105653,0.9061844349
3.2000000000,171.3207894746,0.9329276085
3.2100000000,173.0560871361,0.9341529012
3.2200000000,174.6396300465,0.9420765638
3.2300000000,176.5549443829,0.9140004516
3.2400000000,179.5729889874,0.9108290076
3.2500000000,183.3274278030,0.9290412068
3.2600000000,185.2242430556,0.9472817779
3.2700000000,186.5299265169,0.9218766689
3.2800000000,188.2240534574,0.9255188704
3.2900000000,190.0640115769,0.9298530817
3.3000000000,192.0200631944,0.9306948185
3.3100000000,194.0346090703,0.9314390421
3.3200000000,196.0108875241,0.9095235467
3.3300000000,199.2660713437,0.8275383115
3.3400000000,205.7780380276,0.8398047686
3.3500000000,209.3231520467,0.9038355350
3.3600000000,212.8961559717,0.9464744329
3.3700000000,216.4301416803,0.9326639771
3.3800000000,218.7152668047,0.9479497075
3.3900000000,220.2860557985,0.9658724666
3.4000000000,221.5812644565,0.9523954391
3.4100000000,223.2106019697,0.9583131671
3.4200000000,225.2657445364,0.9302600622
3.4300000000,228.5355638582,0.8625989556
3.4400000000,234.9031161570,0.8144218326
3.4500000000,240.2064356739,0.7711901665
3.4600000000,246.4970853443,0.8397775888
3.4700000000,247.8958905905,0.9227861762
3.4800000000,247.9795300738,0.9076728821
3.4900000000,247.8626360020,0.8820816278
3.5000000000,247.5158057848,0.8154501319
3.5100000000,246.4717099303,0.6284104586
3.5200000000,245.8358916905,0.4877903163
3.5300000000,243.3026128029,0.3978829384
3.5400000000,243.3922844963,0.4568729699
3.5500000000,244.3373272915,0.1214380637
3.5600000000,250.1218488613,0.1872022897
3.5700000000,253.1242456760,0.2142269164
3.5800000000,252.6721969937,0.1272283494
3.5900000000,227.6061120644,0.0924090594
3.6000000000,217.7871928523,0.0943261832
3.6100000000,199.8804461805,0.0586553663
3.6200000000,180.8774877313,0.0738471076
3.6300000000,167.1579533375,0.0558811873
3.6400000000,154.8350061826,0.0765270591
3.6500000000,155.5408706886,0.0731471553
3.6600000000,156.3510876466,0.0946593136
3.6700000000,155.9170601633,0.1163187772
3.6800000000,157.9151257551,0.1812241673
3.6900000000,157.4939008637,0.0662500039
3.7000000000,154.6932892440,0.2008695751
3.7100000000,151.2483416696,0.4049601853
3.7200000000,141.0043967249,0.3109897673
3.7300000000,131.9126440868,0.1687797904
3.7400000000,129.7771726275,0.0785417929
3.7500000000,132.8467163609,0.0685559139
3.7600000000,134.6276285829,0.0774959773
3.7700000000,130.4173687503,0.1742172539
3.7800000000,128.2344427767,0.2147615403
3.7900000000,141.9944756566,0.1790128797
3.8000000000,154.5742939799,0.3657975495
3.8100000000,154.0087123778,0.3197968006
3.8200000000,158.3663199540,0.1684285253
3.8300000000,169.7640975610,0.1303555816
3.8400000000,175.6819332093,0.0386626646
3.8500000000,164.5926137392,0.0281914156
3.8600000000,152.9427341779,0.0480326936
3.8700000000,152.9766357591,0.4059264660
3.8800000000,156.3664066288,0.5467123389
3.8900000000,157.6897751278,0.5816492438
3.9000000000,158.4578690420,0.4987053573
3.9100000000,158.3728935523,0.4775698185
3.9200000000,159.1089972478,0.2384472191
3.9300000000,160.4393099864,0.3934464753
3.9400000000,161.4502929488,0.2557559609
3.9500000000,162.7266290158,0.0974746570
3.9600000000,161.0017120449,0.0603745915
3.9700000000,155.9846322972,0.1614857912
3.9800000000,154.3580170875,0.5608755946
3.9900000000,154.4011456915,0.5157116652
4.0000000000,153.8855796446,0.2936399281
4.0100000000,143.0490316658,0.0389565080
4.0200000000,143.9444957119,0.1760773510
4.0300000000,147.1089913260,0.4964538515
4.0400000000,149.2996106445,0.6705961823
4.0500000000,148.3249354304,0.4031535685
4.0600000000,148.6625971987,0.1085192710
4.0700000000,144.2220440891,0.4864034355
4.0800000000,142.7407568035,0.2845612168
4.0900000000,148.3517696658,0.3717833459
4.1000000000,147.5107533747,0.5164518356
4.1100000000,146.4987743693,0.3542351723
4.1200000000,146.3274108489,0.2584240437
4.1300000000,142.2975257235,0.0484277494
4.1400000000,159.8351825913,0.0272992905
4.1500000000,174.5496905992,0.1449721605
4.1600000000,172.1035999128,0.0599532574
4.1700000000,158.7563889562,0.0351732932
4.1800000000,148.2441315006,0.0690703318
4.1900000000,138.6129199893,0.0381279066
4.2000000000,125.8024609977,0.0460112132
4.2100000000,114.7171131451,0.0336709358
4.2200000000,106.5792708619,0.0695373937
4.2300000000,121.7432940477,0.1666603535
4.2400000000,133.0901265221,0.0690721795
4.2500000000,134.4110388430,0.2062216401
4.2600000000,133.6324107725,0.1840670556
4.2700000000,133.8651900555,0.0642778426
4.2800000000,144.9644349506,0.2141194493
4.2900000000,151.3006002066,0.2525417209
4.3000000000,149.8427647652,0.3362343311
4.3100000000,149.5443835716,0.2409401983
4.3200000000,147.1194884676,0.1271822304
4.3300000000,148.4727850269,0.1369538307
4.3400000000,151.6612396522,0.0390981287
4.3500000000,151.6794220866,0.3111807406
4.3600000000,146.9928813178,0.2068761438
4.3700000000,141.9803009114,0.0852342397
4.3800000000,136.0664509646,0.1926426589
4.3900000000,130.9132649263,0.0809564143
4.4000000000,131.2090157770,0.1114064083
4.4100000000,143.0225254320,0.0373706445
4.4200000000,152.7615752808,0.0829366297
4.4300000000,140.7308910320,0.0820483938
4.4400000000,140.4677922090,0.0456868522
4.4500000000,138.0735387705,0.0487405062
4.4600000000,139.0812302025,0.1792890280
4.4700000000,157.4232777968,0.0297095180
4.4800000000,165.6335241041,0.0879971385
4.4900000000,175.6574429753,0.0559372306
4.5000000000,179.9203616659,0.3781376779
4.5100000000,180.1773834622,0.5087341070
4.5200000000,178.6134181681,0.4477431178
4.5300000000,178.8458725430,0.1777254343
4.5400000000,180.4767258646,0.1103764027
4.5500000000,177.7241721903,0.0489851385
4.5600000000,172.8960351921,0.1217578948
4.5700000000,154.0092697326,0.3153373599
4.5800000000,154.9534755835,0.5628044009
4.5900000000,157.7388820672,0.2354858816
4.6000000000,157.9147449066,0.2596472204
4.6100000000,157.8157745303,0.4610342979
4.6200000000,156.0129782637,0.4566011131
4.6300000000,145.6935118852,0.2050576508
4.6400000000,135.5231007307,0.1620600522
4.6500000000,135.1597361585,0.1644836962
4.6600000000,133.1297669642,0.0317464769
4.6700000000,147.7676432519,0.0736378580
4.6800000000,161.3985193237,0.0447604582
4.6900000000,154.1016080806,0.1580916047
4.7000000000,153.7248061410,0.2895984650
4.7100000000,154.6538655457,0.2709500790
4.7200000000,154.9861325666,0.0638516247
4.7300000000,151.2735370418,0.2133231461
4.7400000000,152.4086270284,0.0952184647
4.7500000000,150.9672943600,0.3112162054
4.7600000000,152.3640212184,0.5245211720
4.7700000000,151.7226445683,0.3186503053
4.7800000000,151.7893434205,0.0729599223
4.7900000000,154.7580813088,0.2272876799
4.8000000000,159.0910422374,0.6043693423
4.8100000000,161.6948347877,0.7802872062
4.8200000000,163.1721656111,0.8789662719
4.8300000000,163.6677492827,0.9096132517
4.8400000000,161.1707167108,0.8295822144
4.8500000000,157.4302188563,0.9220587015
4.8600000000,155.7417043381,0.9400122762
4.8700000000,153.7404646624,0.9080780745
4.8800000000,150.7280770243,0.9063426256
4.8900000000,147.8444430013,0.9049624801
4.9000000000,145.3101748712,0.8440907598
4.9100000000,142.2366580556,0.7723436356
4.9200000000,138.8315105148,0.8927233815
4.9300000000,136.7408876395,0.8721936345
4.9400000000,135.0485713787,0.9129890800
4.9500000000,133.9640850860,0.9465509057
4.9600000000,133.2688417613,0.9316894412
4.9700000000,132.6374272096,0.9412331581
4.9800000000,131.4748897668,0.9377678037
4.9900000000,130.2244831286,0.8933487535
5.0000000000,128.8605991618,0.8631350398
5.0100000000,127.1099922032,0.8887726068
5.0200000000,126.0417788040,0.9118621945
5.0300000000,125.7726650767,0.9135515690
5.0400000000,124.9676906559,0.9139919281
5.0500000000,123.9950292187,0.9363170862
5.0600000000,123.0186694112,0.9270090461
5.0700000000,122.2380938312,0.9139215946
5.0800000000,120.4215794078,0.7771387696
5.0900000000,117.8308306200,0.7643977404
5.1000000000,115.6023036283,0.8671190143
5.1100000000,113.5356987286,0.7954460382
5.1200000000,111.4627243044,0.8422837853
5.1300000000,110.6196600420,0.8648124933
5.1400000000,110.9927699187,0.7837595940
5.1500000000,112.9016038117,0.6794606447
5.1600000000,116.9208049946,0.6773505807
5.1700000000,122.5777998125,0.5913100839
5.1800000000,125.0160509336,0.8317927718
5.1900000000,126.7550956978,0.8921940327
5.2000000000,127.5373570754,0.9009379148
5.2100000000,127.3159868127,0.9031437635
5.2200000000,127.1581515866,0.9261565804
5.2300000000,127.9354658237,0.9261366725
5.2400000000,129.1658947559,0.8933582902
5.2500000000,130.3833162129,0.9106947184
5.2600000000,131.0776418618,0.9524177313
5.2700000000,131.3909492469,0.9576326013
5.2800000000,131.9586648248,0.9419024587
5.2900000000,132.8482243487,0.9475778341
5.3000000000,134.4853593829,0.9376087785
5.3100000000,136.9484694168,0.8761473298
5.3200000000,139.7604714627,0.8543143868
5.3300000000,141.8306978031,0.9190577865
5.3400000000,143.6012935563,0.9258524776
5.3500000000,144.8705647471,0.9331978559
5.3600000000,145.5357005518,0.9585584402
5.3700000000,145.8222331524,0.9613398910
5.3800000000,145.8272976694,0.9556329846
5.3900000000,145.4924151472,0.9592628479
5.4000000000,144.8485579827,0.9234091043
5.4100000000,144.2511407075,0.9285567999
5.4200000000,143.2904055563,0.8930167556
5.4300000000,141.5529077972,0.8711847067
5.4400000000,139.5466531180,0.9017837048
5.4500000000,138.3688056468,0.9264377356
5.4600000000,137.7386833198,0.9232535958
5.4700000000,137.1984783612,0.9163893461
5.4800000000,136.7185038067,0.8809829354
5.4900000000,136.5706686077,0.8658681512
5.5000000000,135.8174904256,0.8800873160
5.5100000000,133.1403231223,0.7835690379
5.5200000000,130.2374130602,0.5985499024
5.5300000000,126.0435177258,0.1783112884
5.5400000000,136.1290418678,0.1432360113
5.5500000000,150.8652380058,0.1182913706
5.5600000000,164.6704934935,0.1405835450
5.5700000000,176.6873179171,0.4295602441
5.5800000000,174.8171828033,0.7606130838
5.5900000000,173.3306613245,0.6844845414
5.6000000000,167.7058758999,0.4739497304
5.6100000000,161.9111612984,0.3936978877
5.6200000000,157.0196212740,0.1833026260
5.6300000000,159.5283875306,0.0747784898
5.6400000000,168.1541048941,0.1604634672
5.6500000000,174.6407332639,0.1670824140
5.6600000000,180.7767332845,0.2266758233
5.6700000000,188.4798966405,0.2318643630
5.6800000000,192.4698649161,0.3754753470
5.6900000000,198.9511013634,0.3435033858
5.7000000000,203.2692520928,0.2921402454
5.7100000000,220.3785365954,0.0410961583
5.7200000000,235.9258387199,0.3902237713
5.7300000000,260.5601016928,0.1703900546
5.7400000000,278.2909350825,0.1277357340
5.7500000000,277.8116548891,0.2939644158
5.7600000000,275.9918735827,0.2449249178
5.7700000000,263.7612563191,0.3171717227
5.7800000000,262.8769701253,0.2696752548
5.7900000000,261.4651552046,0.3604828417
5.8000000000,240.0623381202,0.3851499259
5.8100000000,210.2291615995,0.4033530056
5.8200000000,184.4325017710,0.2298813462
5.8300000000,168.5517905165,0.6148579717
5.8400000000,150.0584201119,0.3963672221
5.8500000000,130.8531385794,0.1607193500
5.8600000000,129.6913812989,0.2512814999
5.8700000000,129.9845145945,0.1622261554
5.8800000000,127.2749309157,0.3608513474
5.8900000000,122.6082402470,0.1767011434
5.9000000000,137.6337067867,0.0875466615
5.9100000000,154.5619719164,0.0524585955
5.9200000000,156.2690202630,0.2692488134
5.9300000000,157.2380551589,0.2591033578
5.9400000000,160.0416472554,0.3520519137
5.9500000000,159.6628343688,0.0676952004
5.9600000000,160.1490651844,0.0540471524
5.9700000000,160.1891300247,0.0820403695
5.9800000000,160.5180156649,0.1324711442
5.9900000000,159.0066426242,0.5160343647
6.0000000000,159.3488398810,0.2503471971
6.0100000000,157.2940387454,0.0348234586
6.0200000000,158.3787840936,0.1354103237
6.0300000000,158.9686239600,0.5115382671
6.0400000000,157.1100864341,0.4811529815
6.0500000000,158.2242366422,0.4762382805
6.0600000000,154.3120884111,0.6339773536
6.0700000000,150.6135047363,0.4637317657
6.0800000000,150.9656697475,0.2401455641
6.0900000000,151.6687358107,0.5913583636
6.1000000000,151.2718125924,0.5994756222
6.1100000000,150.8280560679,0.2971211672
6.1200000000,150.4419653740,0.3061308563
6.1300000000,148.8242624767,0.0546856746
6.1400000000,147.3616239290,0.1930660754
6.1500000000,147.4083466546,0.3510234058
6.1600000000,152.3560303815,0.4557352066
6.1700000000,155.1027760425,0.6555717587
6.1800000000,155.0807700372,0.7251796722
6.1900000000,156.6610931749,0.6757379174
6.2000000000,153.6794330914,0.3294134438
6.2100000000,153.6061695406,0.0709745511
6.2200000000,137.9716768256,0.0314037576
6.2300000000,139.7490374562,0.0834275708
6.2400000000,140.1399319022,0.3264619708
6.2500000000,141.4129085488,0.3575021625
6.2600000000,143.4938473022,0.2689424455
6.2700000000,146.0463257950,0.1718953848
6.2800000000,149.2848332715,0.1067825705
6.2900000000,153.6853316592,0.0593126900
6.3000000000,153.2945643093,0.1473426521
6.3100000000,150.8508414113,0.0923256278
6.3200000000,149.7945958849,0.0818465725
6.3300000000,153.5412873054,0.0927112028
6.3400000000,161.5184591616,0.3931946158
6.3500000000,155.8084687428,0.2915176153
6.3600000000,151.5635296661,0.2142923772
6.3700000000,141.6557919027,0.0477662943
6.3800000000,132.7105470758,0.0597923622
6.3900000000,129.4664579329,0.1632032394
6.4000000000,128.9728613275,0.5550998449
6.4100000000,129.5880130256,0.3635340631
6.4200000000,130.9476544257,0.2249624580
6.4300000000,132.1059163968,0.0662161484
6.4400000000,131.5460080204,0.0461857393
6.4500000000,129.9090590963,0.1234052628
6.4600000000,129.2263934440,0.0203860309
6.4700000000,128.3870596971,0.1314217746
6.4800000000,129.3569963960,0.1140074208
6.4900000000,129.8622317704,0.1313499957
6.5000000000,131.5161463834,0.1478501260
6.5100000000,138.4792718966,0.2882173955
6.5200000000,153.0772900647,0.0614302829
6.5300000000,158.9674324728,0.1747088581
6.5400000000,154.5476530843,0.3113630116
6.5500000000,153.1765009864,0.2730164528
6.5600000000,148.0757931419,0.0952945724
6.5700000000,141.4099486882,0.3464460969
6.5800000000,136.0798603473,0.2234515250
6.5900000000,132.3910669418,0.0421316288
6.6000000000,135.2917515796,0.0529910699
6.6100000000,140.9741058889,0.0559596792
6.6200000000,142.8739887352,0.2983570099
6.6300000000,148.5286766217,0.3124069870
6.6400000000,153.4509264080,0.5238170028
6.6500000000,151.6673849796,0.5570160151
6.6600000000,151.8382613635,0.5521214604
6.6700000000,154.4820719988,0.5528358817
6.6800000000,156.1173698309,0.6085503101
6.6900000000,158.6992150717,0.6138542891
6.7000000000,161.6344319715,0.5737579465
6.7100000000,162.0278256291,0.7311125994
6.7200000000,160.0640684333,0.6868298650
6.7300000000,157.9642131019,0.7473622561
6.7400000000,155.3752194803,0.6821452975
6.7500000000,153.7310259847,0.6398450732
6.7600000000,150.1981765744,0.4673263431
6.7700000000,145.9446140525,0.3270381093
6.7800000000,147.1420526573,0.2524687350
6.7900000000,156.4986523349,0.1171878651
6.8000000000,158.9321651790,0.1041528434
6.8100000000,172.9204704044,0.3004389703
6.8200000000,182.1062324683,0.1679433882
6.8300000000,183.5089726825,0.1731584519
6.8400000000,180.0261387601,0.1937136054
6.8500000000,169.1922875172,0.0720005035
6.8600000000,153.8278254047,0.0809903964
6.8700000000,154.2677579540,0.0797961056
6.8800000000,163.9617170311,0.0531827062
6.8900000000,175.7848894387,0.3370038867
6.9000000000,191.9575295330,0.1184743643
6.9100000000,205.4079321516,0.3041447699
6.9200000000,224.4778943490,0.2305567712
6.9300000000,231.8085404051,0.5943698287
6.9400000000,233.7119533448,0.8004143238
6.9500000000,233.6098740343,0.8958004713
6.9600000000,233.0195265229,0.9116426706
6.9700000000,231.3036085533,0.9059695601
6.9800000000,228.9151855878,0.9238396883
6.9900000000,226.5615250445,0.9113302827
7.0000000000,223.6450372866,0.9135932326
7.0100000000,220.5775482325,0.9018749595
7.0200000000,216.7079412051,0.8951203227
7.0300000000,214.4582360804,0.9046138525
7.0400000000,211.9539778126,0.9020555019
7.0500000000,209.5209024791,0.9191804528
7.0600000000,208.1311801645,0.9515097141
7.0700000000,207.1817492144,0.9261863232
7.0800000000,206.0305460563,0.9581200480
7.0900000000,204.9296404955,0.9357021451
7.1000000000,203.7497095142,0.9480221272
7.1100000000,201.1541343186,0.8913757801
7.1200000000,195.7410946353,0.8164508939
7.1300000000,190.7693025591,0.8837919831
7.1400000000,185.9453454728,0.7827640772
7.1500000000,176.4894338934,0.7229375243
7.1600000000,167.4376893494,0.6635619402
7.1700000000,159.9391638684,0.6824852228
7.1800000000,152.4592272359,0.7624740005
7.1900000000,147.3004888761,0.8349447846
7.2000000000,144.2123051059,0.8767131567
7.2100000000,141.9086698703,0.8741373420
7.2200000000,139.9783939361,0.8860405684
7.2300000000,138.3712850109,0.9300872684
7.2400000000,137.0568331995,0.9219908714
7.2500000000,135.5397930676,0.9120571613
7.2600000000,133.8733685924,0.9133253694
7.2700000000,131.7252437893,0.9330954552
7.2800000000,129.6615819027,0.8808997273
7.2900000000,126.7805628814,0.8824422956
7.3000000000,125.1628267477,0.9111725688
7.3100000000,124.9323489448,0.8905442357
7.3200000000,125.2825171074,0.8588564992
7.3300000000,126.1745727344,0.6739241481
7.3400000000,130.8638227670,0.1989994645
7.3500000000,146.8625675186,0.4740760028
7.3600000000,147.9069824316,0.8310812116
7.3700000000,148.9703247488,0.7946590781
7.3800000000,150.4407087453,0.7670618296
7.3900000000,153.6627982228,0.7872797847
7.4000000000,156.2490493280,0.8858148456
7.4100000000,157.9868055468,0.8464823961
7.4200000000,158.4002772404,0.7252267003
7.4300000000,158.1255503485,0.6469833851
7.4400000000,157.3196751085,0.6342790723
7.4500000000,157.1564139090,0.4917049110
7.4600000000,156.9322855414,0.3201431632
7.4700000000,155.5269657991,0.2386375964
7.4800000000,154.9001367986,0.0702822581
7.4900000000,152.2210372907,0.0442107581
7.5000000000,153.5735355103,0.0878873765
7.5100000000,154.6376050892,0.1660729945
7.5200000000,155.5249326736,0.1082182005
7.5300000000,156.7307021001,0.0446889587
7.5400000000,155.7502439416,0.0792926177
7.5500000000,140.0730082629,0.0278327689
7.5600000000,128.1941801290,0.2511210442
7.5700000000,129.9425467847,0.1743551791
7.5800000000,128.9029704595,0.1549943984
7.5900000000,132.6497450679,0.1225519329
7.6000000000,139.4648827385,0.1352118105
7.6100000000,149.2458902166,0.2208996713
7.6200000000,152.6153199277,0.5169010162
7.6300000000,150.1862068134,0.2772214711
7.6400000000,151.1805941725,0.1102255061
7.6500000000,149.6076155456,0.0766551942
7.6600000000,149.5805435948,0.0481413938
7.6700000000,148.7487160137,0.0485838391
7.6800000000,146.9992930376,0.2004275173
7.6900000000,143.9376128973,0.2070129663
7.7000000000,140.8692526984,0.6435064673
7.7100000000,140.1481167440,0.5617988706
7.7200000000,138.5766746765,0.0813098550
7.7300000000,137.6604868075,0.1010540128
7.7400000000,136.0366238271,0.1032837704
7.7500000000,134.8213056591,0.0257113129
7.7600000000,133.2720109720,0.0671052560
7.7700000000,133.4266144969,0.0509596132
7.7800000000,130.3609091876,0.0167091209
7.7900000000,132.7654944576,0.1004990712
7.8000000000,131.5677258441,0.1338810474
7.8100000000,129.6851227549,0.1005277634
7.8200000000,136.3980878017,0.0833136961
7.8300000000,149.3615110392,0.0694090351
7.8400000000,159.2010757635,0.0736501366
7.8500000000,156.1748155006,0.3149803281
7.8600000000,154.9604397586,0.6171361804
7.8700000000,154.8135920171,0.5371788740
7.8800000000,154.5467841432,0.3423882425
7.8900000000,155.7463574571,0.5203267336
7.9000000000,155.1197043972,0.5324947834
7.9100000000,155.7300434671,0.6208704710
7.9200000000,154.9352367985,0.5118958950
7.9300000000,154.4809475011,0.2438849062
7.9400000000,155.9025457159,0.0932809189
7.9500000000,154.9591882139,0.0763315037
7.9600000000,151.2560468716,0.1612655371
7.9700000000,145.9827827321,0.1858434975
7.9800000000,139.8523922641,0.1621890515
7.9900000000,134.5282057425,0.0576436259
8.0000000000,136.4057597056,0.0116007626
8.0100000000,137.7298883651,0.0054769027
8.0200000000,143.4438675645,0.0310250539
8.0300000000,148.7439362790,0.1296500713
8.0400000000,151.2999231337,0.0935534611
8.0500000000,153.1316136420,0.1904976666
8.0600000000,153.8387969652,0.3360577226
8.0700000000,153.2664714317,0.1796637923
8.0800000000,154.9786124595,0.1138274595
8.0900000000,155.3819787073,0.2774399221
8.1000000000,157.4651935896,0.1652289629
8.1100000000,156.0942388129,0.1296398789
8.1200000000,142.2625862018,0.2008583546
8.1300000000,129.6937265105,0.2084417641
8.1400000000,139.2382996812,0.1175486222
8.1500000000,151.5501757704,0.0509301722
8.1600000000,154.2196507715,0.1533452570
8.1700000000,155.6195699658,0.1064234376
8.1800000000,165.0045783361,0.1458962411
8.1900000000,166.4463436615,0.2239196450
8.2000000000,161.5747620257,0.3495138288
8.2100000000,146.4140338794,0.1200025901
8.2200000000,134.9353987178,0.0122596351
8.2300000000,126.6934120910,0.0073766448
8.2400000000,129.8965560723,0.0488931313
